Level,BonusExp
0,22
1,24
2,27
3,29
4,31
5,33
6,36
7,38
8,40
9,42
10,45
11,47
12,49
13,51
14,54
15,56
16,58
17,60
18,63
19,65
20,67
21,69
22,72
23,74
24,76
25,78
26,81
27,83
28,85
29,87
30,92
31,96
32,101
33,105
34,110
35,114
36,119
37,123
38,128
39,132
40,137
41,141
42,146
43,150
44,155
45,159
46,164
47,168
48,173
49,177
50,182
51,186
52,191
53,195
54,200
55,204
56,209
57,213
58,218
59,222
60,227
61,231
62,236
63,240
64,245
65,249
66,254
67,258
68,263
69,267
70,272
71,276
72,281
73,285
74,290
75,294
76,299
77,303
78,308
79,312
80,317
81,321
82,326
83,330
84,335
85,339
86,344
87,348
88,353
89,357
90,362
91,366
92,371
93,375
94,380
95,384
96,389
97,393
98,398
99,402
100,407
101,411
102,416
103,420
104,425
105,429
106,434
107,438
108,443
109,447
110,452
111,456
112,461
113,465
114,470
115,474
116,479
117,483
118,488
119,492
120,497
121,501
122,506
123,510
124,515
125,519
126,524
127,528
128,533
129,537
130,544
131,551
132,558
133,564
134,571
135,578
136,585
137,591
138,598
139,605
140,612
141,618
142,625
143,632
144,639
145,645
146,652
147,659
148,666
149,672
150,679
151,686
152,693
153,699
154,706
155,713
156,720
157,726
158,733
159,740
160,747
161,753
162,760
163,767
164,774
165,780
166,787
167,794
168,801
169,807
170,814
171,821
172,828
173,834
174,841
175,848
176,855
177,861
178,868
179,875
180,882
181,888
182,895
183,902
184,909
185,915
186,922
187,929
188,936
189,942
190,949
191,956
192,963
193,969
194,976
195,983
196,990
197,996
198,1003
199,1010
200,1017
201,1023
202,1030
203,1037
204,1044
205,1050
206,1057
207,1064
208,1071
209,1077
210,1084
211,1091
212,1098
213,1104
214,1111
215,1118
216,1125
217,1131
218,1138
219,1145
220,1152
221,1158
222,1165
223,1172
224,1179
225,1185
226,1192
227,1199
228,1206
229,1212
230,1221
231,1230
232,1239
233,1248
234,1257
235,1266
236,1275
237,1284
238,1293
239,1302
240,1311
241,1320
242,1329
243,1338
244,1347
245,1356
246,1365
247,1374
248,1383
249,1392
250,1401
251,1410
252,1419
253,1428
254,1437
255,1446
256,1455
257,1464
258,1473
259,1482
260,1491
261,1500
262,1509
263,1518
264,1527
265,1536
266,1545
267,1554
268,1563
269,1572
270,1581
271,1590
272,1599
273,1608
274,1617
275,1626
276,1635
277,1644
278,1653
279,1662
280,1671
281,1680
282,1689
283,1698
284,1707
285,1716
286,1725
287,1734
288,1743
289,1752
290,1761
291,1770
292,1779
293,1788
294,1797
295,1806
296,1815
297,1824
298,1833
299,1842
300,1851
301,1860
302,1869
303,1878
304,1887
305,1896
306,1905
307,1914
308,1923
309,1932
310,1941
311,1950
312,1959
313,1968
314,1977
315,1986
316,1995
317,2004
318,2013
319,2022
320,2031
321,2040
322,2049
323,2058
324,2067
325,2076
326,2085
327,2094
328,2103
329,2112
330,2124
331,2135
332,2146
333,2157
334,2169
335,2180
336,2191
337,2202
338,2214
339,2225
340,2236
341,2247
342,2259
343,2270
344,2281
345,2292
346,2304
347,2315
348,2326
349,2337
350,2349
351,2360
352,2371
353,2382
354,2394
355,2405
356,2416
357,2427
358,2439
359,2450
360,2461
361,2472
362,2484
363,2495
364,2506
365,2517
366,2529
367,2540
368,2551
369,2562
370,2574
371,2585
372,2596
373,2607
374,2619
375,2630
376,2641
377,2652
378,2664
379,2675
380,2686
381,2697
382,2709
383,2720
384,2731
385,2742
386,2754
387,2765
388,2776
389,2787
390,2799
391,2810
392,2821
393,2832
394,2844
395,2855
396,2866
397,2877
398,2889
399,2900
400,2911
401,2922
402,2934
403,2945
404,2956
405,2967
406,2979
407,2990
408,3001
409,3012
410,3024
411,3035
412,3046
413,3057
414,3069
415,3080
416,3091
417,3102
418,3114
419,3125
420,3136
421,3147
422,3159
423,3170
424,3181
425,3192
426,3204
427,3215
428,3226
429,3237
430,3251
431,3264
432,3278
433,3291
434,3305
435,3318
436,3332
437,3345
438,3359
439,3372
440,3386
441,3399
442,3413
443,3426
444,3440
445,3453
446,3467
447,3480
448,3494
449,3507
450,3521
451,3534
452,3548
453,3561
454,3575
455,3588
456,3602
457,3615
458,3629
459,3642
460,3656
461,3669
462,3683
463,3696
464,3710
465,3723
466,3737
467,3750
468,3764
469,3777
470,3791
471,3804
472,3818
473,3831
474,3845
475,3858
476,3872
477,3885
478,3899
479,3912
480,3926
481,3939
482,3953
483,3966
484,3980
485,3993
486,4007
487,4020
488,4034
489,4047
490,4061
491,4074
492,4088
493,4101
494,4115
495,4128
496,4142
497,4155
498,4169
499,4182
500,4196
501,4209
502,4223
503,4236
504,4250
505,4263
506,4277
507,4290
508,4304
509,4317
510,4331
511,4344
512,4358
513,4371
514,4385
515,4398
516,4412
517,4425
518,4439
519,4452
520,4466
521,4479
522,4493
523,4506
524,4520
525,4533
526,4547
527,4560
528,4574
529,4587
530,4603
531,4619
532,4635
533,4650
534,4666
535,4682
536,4698
537,4713
538,4729
539,4745
540,4761
541,4776
542,4792
543,4808
544,4824
545,4839
546,4855
547,4871
548,4887
549,4902
550,4918
551,4934
552,4950
553,4965
554,4981
555,4997
556,5013
557,5028
558,5044
559,5060
560,5076
561,5091
562,5107
563,5123
564,5139
565,5154
566,5170
567,5186
568,5202
569,5217
570,5233
571,5249
572,5265
573,5280
574,5296
575,5312
576,5328
577,5343
578,5359
579,5375
580,5391
581,5406
582,5422
583,5438
584,5454
585,5469
586,5485
587,5501
588,5517
589,5532
590,5548
591,5564
592,5580
593,5595
594,5611
595,5627
596,5643
597,5658
598,5674
599,5690
600,5706
601,5721
602,5737
603,5753
604,5769
605,5784
606,5800
607,5816
608,5832
609,5847
610,5863
611,5879
612,5895
613,5910
614,5926
615,5942
616,5958
617,5973
618,5989
619,6005
620,6021
621,6036
622,6052
623,6068
624,6084
625,6099
626,6115
627,6131
628,6147
629,6162
630,6180
631,6198
632,6216
633,6234
634,6252
635,6270
636,6288
637,6306
638,6324
639,6342
640,6360
641,6378
642,6396
643,6414
644,6432
645,6450
646,6468
647,6486
648,6504
649,6522
650,6540
651,6558
652,6576
653,6594
654,6612
655,6630
656,6648
657,6666
658,6684
659,6702
660,6720
661,6738
662,6756
663,6774
664,6792
665,6810
666,6828
667,6846
668,6864
669,6882
670,6900
671,6918
672,6936
673,6954
674,6972
675,6990
676,7008
677,7026
678,7044
679,7062
680,7080
681,7098
682,7116
683,7134
684,7152
685,7170
686,7188
687,7206
688,7224
689,7242
690,7260
691,7278
692,7296
693,7314
694,7332
695,7350
696,7368
697,7386
698,7404
699,7422
700,7440
701,7458
702,7476
703,7494
704,7512
705,7530
706,7548
707,7566
708,7584
709,7602
710,7620
711,7638
712,7656
713,7674
714,7692
715,7710
716,7728
717,7746
718,7764
719,7782
720,7800
721,7818
722,7836
723,7854
724,7872
725,7890
726,7908
727,7926
728,7944
729,7962
730,7983
731,8003
732,8023
733,8043
734,8064
735,8084
736,8104
737,8124
738,8145
739,8165
740,8185
741,8205
742,8226
743,8246
744,8266
745,8286
746,8307
747,8327
748,8347
749,8367
750,8388
751,8408
752,8428
753,8448
754,8469
755,8489
756,8509
757,8529
758,8550
759,8570
760,8590
761,8610
762,8631
763,8651
764,8671
765,8691
766,8712
767,8732
768,8752
769,8772
770,8793
771,8813
772,8833
773,8853
774,8874
775,8894
776,8914
777,8934
778,8955
779,8975
780,8995
781,9015
782,9036
783,9056
784,9076
785,9096
786,9117
787,9137
788,9157
789,9177
790,9198
791,9218
792,9238
793,9258
794,9279
795,9299
796,9319
797,9339
798,9360
799,9380
800,9400
801,9420
802,9441
803,9461
804,9481
805,9501
806,9522
807,9542
808,9562
809,9582
810,9603
811,9623
812,9643
813,9663
814,9684
815,9704
816,9724
817,9744
818,9765
819,9785
820,9805
821,9825
822,9846
823,9866
824,9886
825,9906
826,9927
827,9947
828,9967
829,9987
830,10010
831,10032
832,10055
833,10077
834,10100
835,10122
836,10145
837,10167
838,10190
839,10212
840,10235
841,10257
842,10280
843,10302
844,10325
845,10347
846,10370
847,10392
848,10415
849,10437
850,10460
851,10482
852,10505
853,10527
854,10550
855,10572
856,10595
857,10617
858,10640
859,10662
860,10685
861,10707
862,10730
863,10752
864,10775
865,10797
866,10820
867,10842
868,10865
869,10887
870,10910
871,10932
872,10955
873,10977
874,11000
875,11022
876,11045
877,11067
878,11090
879,11112
880,11135
881,11157
882,11180
883,11202
884,11225
885,11247
886,11270
887,11292
888,11315
889,11337
890,11360
891,11382
892,11405
893,11427
894,11450
895,11472
896,11495
897,11517
898,11540
899,11562
900,11585
901,11607
902,11630
903,11652
904,11675
905,11697
906,11720
907,11742
908,11765
909,11787
910,11810
911,11832
912,11855
913,11877
914,11900
915,11922
916,11945
917,11967
918,11990
919,12012
920,12035
921,12057
922,12080
923,12102
924,12125
925,12147
926,12170
927,12192
928,12215
929,12237
930,12262
931,12287
932,12312
933,12336
934,12361
935,12386
936,12411
937,12435
938,12460
939,12485
940,12510
941,12534
942,12559
943,12584
944,12609
945,12633
946,12658
947,12683
948,12708
949,12732
950,12757
951,12782
952,12807
953,12831
954,12856
955,12881
956,12906
957,12930
958,12955
959,12980
960,13005
961,13029
962,13054
963,13079
964,13104
965,13128
966,13153
967,13178
968,13203
969,13227
970,13252
971,13277
972,13302
973,13326
974,13351
975,13376
976,13401
977,13425
978,13450
979,13475
980,13500
981,13524
982,13549
983,13574
984,13599
985,13623
986,13648
987,13673
988,13698
989,13722
990,13747
991,13772
992,13797
993,13821
994,13846
995,13871
996,13896
997,13920
998,13945
999,13970
1000,13995
1001,14019
1002,14044
1003,14069
1004,14094
1005,14118
1006,14143
1007,14168
1008,14193
1009,14217
1010,14242
1011,14267
1012,14292
1013,14316
1014,14341
1015,14366
1016,14391
1017,14415
1018,14440
1019,14465
1020,14490
1021,14514
1022,14539
1023,14564
1024,14589
1025,14613
1026,14638
1027,14663
1028,14688
1029,14712
1030,14739
1031,14766
1032,14793
1033,14820
1034,14847
1035,14874
1036,14901
1037,14928
1038,14955
1039,14982
1040,15009
1041,15036
1042,15063
1043,15090
1044,15117
1045,15144
1046,15171
1047,15198
1048,15225
1049,15252
1050,15279
1051,15306
1052,15333
1053,15360
1054,15387
1055,15414
1056,15441
1057,15468
1058,15495
1059,15522
1060,15549
1061,15576
1062,15603
1063,15630
1064,15657
1065,15684
1066,15711
1067,15738
1068,15765
1069,15792
1070,15819
1071,15846
1072,15873
1073,15900
1074,15927
1075,15954
1076,15981
1077,16008
1078,16035
1079,16062
1080,16089
1081,16116
1082,16143
1083,16170
1084,16197
1085,16224
1086,16251
1087,16278
1088,16305
1089,16332
1090,16359
1091,16386
1092,16413
1093,16440
1094,16467
1095,16494
1096,16521
1097,16548
1098,16575
1099,16602
1100,16629
1101,16656
1102,16683
1103,16710
1104,16737
1105,16764
1106,16791
1107,16818
1108,16845
1109,16872
1110,16899
1111,16926
1112,16953
1113,16980
1114,17007
1115,17034
1116,17061
1117,17088
1118,17115
1119,17142
1120,17169
1121,17196
1122,17223
1123,17250
1124,17277
1125,17304
1126,17331
1127,17358
1128,17385
1129,17412
1130,17442
1131,17471
1132,17500
1133,17529
1134,17559
1135,17588
1136,17617
1137,17646
1138,17676
1139,17705
1140,17734
1141,17763
1142,17793
1143,17822
1144,17851
1145,17880
1146,17910
1147,17939
1148,17968
1149,17997
1150,18027
1151,18056
1152,18085
1153,18114
1154,18144
1155,18173
1156,18202
1157,18231
1158,18261
1159,18290
1160,18319
1161,18348
1162,18378
1163,18407
1164,18436
1165,18465
1166,18495
1167,18524
1168,18553
1169,18582
1170,18612
1171,18641
1172,18670
1173,18699
1174,18729
1175,18758
1176,18787
1177,18816
1178,18846
1179,18875
1180,18904
1181,18933
1182,18963
1183,18992
1184,19021
1185,19050
1186,19080
1187,19109
1188,19138
1189,19167
1190,19197
1191,19226
1192,19255
1193,19284
1194,19314
1195,19343
1196,19372
1197,19401
1198,19431
1199,19460
1200,19489
1201,19518
1202,19548
1203,19577
1204,19606
1205,19635
1206,19665
1207,19694
1208,19723
1209,19752
1210,19782
1211,19811
1212,19840
1213,19869
1214,19899
1215,19928
1216,19957
1217,19986
1218,20016
1219,20045
1220,20074
1221,20103
1222,20133
1223,20162
1224,20191
1225,20220
1226,20250
1227,20279
1228,20308
1229,20337
1230,20369
1231,20400
1232,20432
1233,20463
1234,20495
1235,20526
1236,20558
1237,20589
1238,20621
1239,20652
1240,20684
1241,20715
1242,20747
1243,20778
1244,20810
1245,20841
1246,20873
1247,20904
1248,20936
1249,20967
1250,20999
1251,21030
1252,21062
1253,21093
1254,21125
1255,21156
1256,21188
1257,21219
1258,21251
1259,21282
1260,21314
1261,21345
1262,21377
1263,21408
1264,21440
1265,21471
1266,21503
1267,21534
1268,21566
1269,21597
1270,21629
1271,21660
1272,21692
1273,21723
1274,21755
1275,21786
1276,21818
1277,21849
1278,21881
1279,21912
1280,21944
1281,21975
1282,22007
1283,22038
1284,22070
1285,22101
1286,22133
1287,22164
1288,22196
1289,22227
1290,22259
1291,22290
1292,22322
1293,22353
1294,22385
1295,22416
1296,22448
1297,22479
1298,22511
1299,22542
1300,22574
1301,22605
1302,22637
1303,22668
1304,22700
1305,22731
1306,22763
1307,22794
1308,22826
1309,22857
1310,22889
1311,22920
1312,22952
1313,22983
1314,23015
1315,23046
1316,23078
1317,23109
1318,23141
1319,23172
1320,23204
1321,23235
1322,23267
1323,23298
1324,23330
1325,23361
1326,23393
1327,23424
1328,23456
1329,23487
1330,23521
1331,23555
1332,23589
1333,23622
1334,23656
1335,23690
1336,23724
1337,23757
1338,23791
1339,23825
1340,23859
1341,23892
1342,23926
1343,23960
1344,23994
1345,24027
1346,24061
1347,24095
1348,24129
1349,24162
1350,24196
1351,24230
1352,24264
1353,24297
1354,24331
1355,24365
1356,24399
1357,24432
1358,24466
1359,24500
1360,24534
1361,24567
1362,24601
1363,24635
1364,24669
1365,24702
1366,24736
1367,24770
1368,24804
1369,24837
1370,24871
1371,24905
1372,24939
1373,24972
1374,25006
1375,25040
1376,25074
1377,25107
1378,25141
1379,25175
1380,25209
1381,25242
1382,25276
1383,25310
1384,25344
1385,25377
1386,25411
1387,25445
1388,25479
1389,25512
1390,25546
1391,25580
1392,25614
1393,25647
1394,25681
1395,25715
1396,25749
1397,25782
1398,25816
1399,25850
1400,25884
1401,25917
1402,25951
1403,25985
1404,26019
1405,26052
1406,26086
1407,26120
1408,26154
1409,26187
1410,26221
1411,26255
1412,26289
1413,26322
1414,26356
1415,26390
1416,26424
1417,26457
1418,26491
1419,26525
1420,26559
1421,26592
1422,26626
1423,26660
1424,26694
1425,26727
1426,26761
1427,26795
1428,26829
1429,26862
1430,26898
1431,26934
1432,26970
1433,27006
1434,27042
1435,27078
1436,27114
1437,27150
1438,27186
1439,27222
1440,27258
1441,27294
1442,27330
1443,27366
1444,27402
1445,27438
1446,27474
1447,27510
1448,27546
1449,27582
1450,27618
1451,27654
1452,27690
1453,27726
1454,27762
1455,27798
1456,27834
1457,27870
1458,27906
1459,27942
1460,27978
1461,28014
1462,28050
1463,28086
1464,28122
1465,28158
1466,28194
1467,28230
1468,28266
1469,28302
1470,28338
1471,28374
1472,28410
1473,28446
1474,28482
1475,28518
1476,28554
1477,28590
1478,28626
1479,28662
1480,28698
1481,28734
1482,28770
1483,28806
1484,28842
1485,28878
1486,28914
1487,28950
1488,28986
1489,29022
1490,29058
1491,29094
1492,29130
1493,29166
1494,29202
1495,29238
1496,29274
1497,29310
1498,29346
1499,29382
1500,29418
1501,29454
1502,29490
1503,29526
1504,29562
1505,29598
1506,29634
1507,29670
1508,29706
1509,29742
1510,29778
1511,29814
1512,29850
1513,29886
1514,29922
1515,29958
1516,29994
1517,30030
1518,30066
1519,30102
1520,30138
1521,30174
1522,30210
1523,30246
1524,30282
1525,30318
1526,30354
1527,30390
1528,30426
1529,30462
1530,30501
1531,30539
1532,30577
1533,30615
1534,30654
1535,30692
1536,30730
1537,30768
1538,30807
1539,30845
1540,30883
1541,30921
1542,30960
1543,30998
1544,31036
1545,31074
1546,31113
1547,31151
1548,31189
1549,31227
1550,31266
1551,31304
1552,31342
1553,31380
1554,31419
1555,31457
1556,31495
1557,31533
1558,31572
1559,31610
1560,31648
1561,31686
1562,31725
1563,31763
1564,31801
1565,31839
1566,31878
1567,31916
1568,31954
1569,31992
1570,32031
1571,32069
1572,32107
1573,32145
1574,32184
1575,32222
1576,32260
1577,32298
1578,32337
1579,32375
1580,32413
1581,32451
1582,32490
1583,32528
1584,32566
1585,32604
1586,32643
1587,32681
1588,32719
1589,32757
1590,32796
1591,32834
1592,32872
1593,32910
1594,32949
1595,32987
1596,33025
1597,33063
1598,33102
1599,33140
1600,33178
1601,33216
1602,33255
1603,33293
1604,33331
1605,33369
1606,33408
1607,33446
1608,33484
1609,33522
1610,33561
1611,33599
1612,33637
1613,33675
1614,33714
1615,33752
1616,33790
1617,33828
1618,33867
1619,33905
1620,33943
1621,33981
1622,34020
1623,34058
1624,34096
1625,34134
1626,34173
1627,34211
1628,34249
1629,34287
1630,34328
1631,34368
1632,34409
1633,34449
1634,34490
1635,34530
1636,34571
1637,34611
1638,34652
1639,34692
1640,34733
1641,34773
1642,34814
1643,34854
1644,34895
1645,34935
1646,34976
1647,35016
1648,35057
1649,35097
1650,35138
1651,35178
1652,35219
1653,35259
1654,35300
1655,35340
1656,35381
1657,35421
1658,35462
1659,35502
1660,35543
1661,35583
1662,35624
1663,35664
1664,35705
1665,35745
1666,35786
1667,35826
1668,35867
1669,35907
1670,35948
1671,35988
1672,36029
1673,36069
1674,36110
1675,36150
1676,36191
1677,36231
1678,36272
1679,36312
1680,36353
1681,36393
1682,36434
1683,36474
1684,36515
1685,36555
1686,36596
1687,36636
1688,36677
1689,36717
1690,36758
1691,36798
1692,36839
1693,36879
1694,36920
1695,36960
1696,37001
1697,37041
1698,37082
1699,37122
1700,37163
1701,37203
1702,37244
1703,37284
1704,37325
1705,37365
1706,37406
1707,37446
1708,37487
1709,37527
1710,37568
1711,37608
1712,37649
1713,37689
1714,37730
1715,37770
1716,37811
1717,37851
1718,37892
1719,37932
1720,37973
1721,38013
1722,38054
1723,38094
1724,38135
1725,38175
1726,38216
1727,38256
1728,38297
1729,38337
1730,38380
1731,38423
1732,38466
1733,38508
1734,38551
1735,38594
1736,38637
1737,38679
1738,38722
1739,38765
1740,38808
1741,38850
1742,38893
1743,38936
1744,38979
1745,39021
1746,39064
1747,39107
1748,39150
1749,39192
1750,39235
1751,39278
1752,39321
1753,39363
1754,39406
1755,39449
1756,39492
1757,39534
1758,39577
1759,39620
1760,39663
1761,39705
1762,39748
1763,39791
1764,39834
1765,39876
1766,39919
1767,39962
1768,40005
1769,40047
1770,40090
1771,40133
1772,40176
1773,40218
1774,40261
1775,40304
1776,40347
1777,40389
1778,40432
1779,40475
1780,40518
1781,40560
1782,40603
1783,40646
1784,40689
1785,40731
1786,40774
1787,40817
1788,40860
1789,40902
1790,40945
1791,40988
1792,41031
1793,41073
1794,41116
1795,41159
1796,41202
1797,41244
1798,41287
1799,41330
1800,41373
1801,41415
1802,41458
1803,41501
1804,41544
1805,41586
1806,41629
1807,41672
1808,41715
1809,41757
1810,41800
1811,41843
1812,41886
1813,41928
1814,41971
1815,42014
1816,42057
1817,42099
1818,42142
1819,42185
1820,42228
1821,42270
1822,42313
1823,42356
1824,42399
1825,42441
1826,42484
1827,42527
1828,42570
1829,42612
1830,42657
1831,42702
1832,42747
1833,42792
1834,42837
1835,42882
1836,42927
1837,42972
1838,43017
1839,43062
1840,43107
1841,43152
1842,43197
1843,43242
1844,43287
1845,43332
1846,43377
1847,43422
1848,43467
1849,43512
1850,43557
1851,43602
1852,43647
1853,43692
1854,43737
1855,43782
1856,43827
1857,43872
1858,43917
1859,43962
1860,44007
1861,44052
1862,44097
1863,44142
1864,44187
1865,44232
1866,44277
1867,44322
1868,44367
1869,44412
1870,44457
1871,44502
1872,44547
1873,44592
1874,44637
1875,44682
1876,44727
1877,44772
1878,44817
1879,44862
1880,44907
1881,44952
1882,44997
1883,45042
1884,45087
1885,45132
1886,45177
1887,45222
1888,45267
1889,45312
1890,45357
1891,45402
1892,45447
1893,45492
1894,45537
1895,45582
1896,45627
1897,45672
1898,45717
1899,45762
1900,45807
1901,45852
1902,45897
1903,45942
1904,45987
1905,46032
1906,46077
1907,46122
1908,46167
1909,46212
1910,46257
1911,46302
1912,46347
1913,46392
1914,46437
1915,46482
1916,46527
1917,46572
1918,46617
1919,46662
1920,46707
1921,46752
1922,46797
1923,46842
1924,46887
1925,46932
1926,46977
1927,47022
1928,47067
1929,47112
1930,47160
1931,47207
1932,47254
1933,47301
1934,47349
1935,47396
1936,47443
1937,47490
1938,47538
1939,47585
1940,47632
1941,47679
1942,47727
1943,47774
1944,47821
1945,47868
1946,47916
1947,47963
1948,48010
1949,48057
1950,48105
1951,48152
1952,48199
1953,48246
1954,48294
1955,48341
1956,48388
1957,48435
1958,48483
1959,48530
1960,48577
1961,48624
1962,48672
1963,48719
1964,48766
1965,48813
1966,48861
1967,48908
1968,48955
1969,49002
1970,49050
1971,49097
1972,49144
1973,49191
1974,49239
1975,49286
1976,49333
1977,49380
1978,49428
1979,49475
1980,49522
1981,49569
1982,49617
1983,49664
1984,49711
1985,49758
1986,49806
1987,49853
1988,49900
1989,49947
1990,49995
1991,50042
1992,50089
1993,50136
1994,50184
1995,50231
1996,50278
1997,50325
1998,50373
1999,50420
2000,50467
2001,50514
2002,50562
2003,50609
2004,50656
2005,50703
2006,50751
2007,50798
2008,50845
2009,50892
2010,50940
2011,50987
2012,51034
2013,51081
2014,51129
2015,51176
2016,51223
2017,51270
2018,51318
2019,51365
2020,51412
2021,51459
2022,51507
2023,51554
2024,51601
2025,51648
2026,51696
2027,51743
2028,51790
2029,51837
2030,51887
2031,51936
2032,51986
2033,52035
2034,52085
2035,52134
2036,52184
2037,52233
2038,52283
2039,52332
2040,52382
2041,52431
2042,52481
2043,52530
2044,52580
2045,52629
2046,52679
2047,52728
2048,52778
2049,52827
2050,52877
2051,52926
2052,52976
2053,53025
2054,53075
2055,53124
2056,53174
2057,53223
2058,53273
2059,53322
2060,53372
2061,53421
2062,53471
2063,53520
2064,53570
2065,53619
2066,53669
2067,53718
2068,53768
2069,53817
2070,53867
2071,53916
2072,53966
2073,54015
2074,54065
2075,54114
2076,54164
2077,54213
2078,54263
2079,54312
2080,54362
2081,54411
2082,54461
2083,54510
2084,54560
2085,54609
2086,54659
2087,54708
2088,54758
2089,54807
2090,54857
2091,54906
2092,54956
2093,55005
2094,55055
2095,55104
2096,55154
2097,55203
2098,55253
2099,55302
2100,55352
2101,55401
2102,55451
2103,55500
2104,55550
2105,55599
2106,55649
2107,55698
2108,55748
2109,55797
2110,55847
2111,55896
2112,55946
2113,55995
2114,56045
2115,56094
2116,56144
2117,56193
2118,56243
2119,56292
2120,56342
2121,56391
2122,56441
2123,56490
2124,56540
2125,56589
2126,56639
2127,56688
2128,56738
2129,56787
2130,56839
2131,56891
2132,56943
2133,56994
2134,57046
2135,57098
2136,57150
2137,57201
2138,57253
2139,57305
2140,57357
2141,57408
2142,57460
2143,57512
2144,57564
2145,57615
2146,57667
2147,57719
2148,57771
2149,57822
2150,57874
2151,57926
2152,57978
2153,58029
2154,58081
2155,58133
2156,58185
2157,58236
2158,58288
2159,58340
2160,58392
2161,58443
2162,58495
2163,58547
2164,58599
2165,58650
2166,58702
2167,58754
2168,58806
2169,58857
2170,58909
2171,58961
2172,59013
2173,59064
2174,59116
2175,59168
2176,59220
2177,59271
2178,59323
2179,59375
2180,59427
2181,59478
2182,59530
2183,59582
2184,59634
2185,59685
2186,59737
2187,59789
2188,59841
2189,59892
2190,59944
2191,59996
2192,60048
2193,60099
2194,60151
2195,60203
2196,60255
2197,60306
2198,60358
2199,60410
2200,60462
2201,60513
2202,60565
2203,60617
2204,60669
2205,60720
2206,60772
2207,60824
2208,60876
2209,60927
2210,60979
2211,61031
2212,61083
2213,61134
2214,61186
2215,61238
2216,61290
2217,61341
2218,61393
2219,61445
2220,61497
2221,61548
2222,61600
2223,61652
2224,61704
2225,61755
2226,61807
2227,61859
2228,61911
2229,61962
2230,62016
2231,62070
2232,62124
2233,62178
2234,62232
2235,62286
2236,62340
2237,62394
2238,62448
2239,62502
2240,62556
2241,62610
2242,62664
2243,62718
2244,62772
2245,62826
2246,62880
2247,62934
2248,62988
2249,63042
2250,63096
2251,63150
2252,63204
2253,63258
2254,63312
2255,63366
2256,63420
2257,63474
2258,63528
2259,63582
2260,63636
2261,63690
2262,63744
2263,63798
2264,63852
2265,63906
2266,63960
2267,64014
2268,64068
2269,64122
2270,64176
2271,64230
2272,64284
2273,64338
2274,64392
2275,64446
2276,64500
2277,64554
2278,64608
2279,64662
2280,64716
2281,64770
2282,64824
2283,64878
2284,64932
2285,64986
2286,65040
2287,65094
2288,65148
2289,65202
2290,65256
2291,65310
2292,65364
2293,65418
2294,65472
2295,65526
2296,65580
2297,65634
2298,65688
2299,65742
2300,65796
2301,65850
2302,65904
2303,65958
2304,66012
2305,66066
2306,66120
2307,66174
2308,66228
2309,66282
2310,66336
2311,66390
2312,66444
2313,66498
2314,66552
2315,66606
2316,66660
2317,66714
2318,66768
2319,66822
2320,66876
2321,66930
2322,66984
2323,67038
2324,67092
2325,67146
2326,67200
2327,67254
2328,67308
2329,67362
2330,67419
2331,67475
2332,67531
2333,67587
2334,67644
2335,67700
2336,67756
2337,67812
2338,67869
2339,67925
2340,67981
2341,68037
2342,68094
2343,68150
2344,68206
2345,68262
2346,68319
2347,68375
2348,68431
2349,68487
2350,68544
2351,68600
2352,68656
2353,68712
2354,68769
2355,68825
2356,68881
2357,68937
2358,68994
2359,69050
2360,69106
2361,69162
2362,69219
2363,69275
2364,69331
2365,69387
2366,69444
2367,69500
2368,69556
2369,69612
2370,69669
2371,69725
2372,69781
2373,69837
2374,69894
2375,69950
2376,70006
2377,70062
2378,70119
2379,70175
2380,70231
2381,70287
2382,70344
2383,70400
2384,70456
2385,70512
2386,70569
2387,70625
2388,70681
2389,70737
2390,70794
2391,70850
2392,70906
2393,70962
2394,71019
2395,71075
2396,71131
2397,71187
2398,71244
2399,71300
2400,71356
2401,71412
2402,71469
2403,71525
2404,71581
2405,71637
2406,71694
2407,71750
2408,71806
2409,71862
2410,71919
2411,71975
2412,72031
2413,72087
2414,72144
2415,72200
2416,72256
2417,72312
2418,72369
2419,72425
2420,72481
2421,72537
2422,72594
2423,72650
2424,72706
2425,72762
2426,72819
2427,72875
2428,72931
2429,72987
2430,73046
2431,73104
2432,73163
2433,73221
2434,73280
2435,73338
2436,73397
2437,73455
2438,73514
2439,73572
2440,73631
2441,73689
2442,73748
2443,73806
2444,73865
2445,73923
2446,73982
2447,74040
2448,74099
2449,74157
2450,74216
2451,74274
2452,74333
2453,74391
2454,74450
2455,74508
2456,74567
2457,74625
2458,74684
2459,74742
2460,74801
2461,74859
2462,74918
2463,74976
2464,75035
2465,75093
2466,75152
2467,75210
2468,75269
2469,75327
2470,75386
2471,75444
2472,75503
2473,75561
2474,75620
2475,75678
2476,75737
2477,75795
2478,75854
2479,75912
2480,75971
2481,76029
2482,76088
2483,76146
2484,76205
2485,76263
2486,76322
2487,76380
2488,76439
2489,76497
2490,76556
2491,76614
2492,76673
2493,76731
2494,76790
2495,76848
2496,76907
2497,76965
2498,77024
2499,77082
2500,77141
2501,77199
2502,77258
2503,77316
2504,77375
2505,77433
2506,77492
2507,77550
2508,77609
2509,77667
2510,77726
2511,77784
2512,77843
2513,77901
2514,77960
2515,78018
2516,78077
2517,78135
2518,78194
2519,78252
2520,78311
2521,78369
2522,78428
2523,78486
2524,78545
2525,78603
2526,78662
2527,78720
2528,78779
2529,78837
2530,78898
2531,78959
2532,79020
2533,79080
2534,79141
2535,79202
2536,79263
2537,79323
2538,79384
2539,79445
2540,79506
2541,79566
2542,79627
2543,79688
2544,79749
2545,79809
2546,79870
2547,79931
2548,79992
2549,80052
2550,80113
2551,80174
2552,80235
2553,80295
2554,80356
2555,80417
2556,80478
2557,80538
2558,80599
2559,80660
2560,80721
2561,80781
2562,80842
2563,80903
2564,80964
2565,81024
2566,81085
2567,81146
2568,81207
2569,81267
2570,81328
2571,81389
2572,81450
2573,81510
2574,81571
2575,81632
2576,81693
2577,81753
2578,81814
2579,81875
2580,81936
2581,81996
2582,82057
2583,82118
2584,82179
2585,82239
2586,82300
2587,82361
2588,82422
2589,82482
2590,82543
2591,82604
2592,82665
2593,82725
2594,82786
2595,82847
2596,82908
2597,82968
2598,83029
2599,83090
2600,83151
2601,83211
2602,83272
2603,83333
2604,83394
2605,83454
2606,83515
2607,83576
2608,83637
2609,83697
2610,83758
2611,83819
2612,83880
2613,83940
2614,84001
2615,84062
2616,84123
2617,84183
2618,84244
2619,84305
2620,84366
2621,84426
2622,84487
2623,84548
2624,84609
2625,84669
2626,84730
2627,84791
2628,84852
2629,84912
2630,84975
2631,85038
2632,85101
2633,85164
2634,85227
2635,85290
2636,85353
2637,85416
2638,85479
2639,85542
2640,85605
2641,85668
2642,85731
2643,85794
2644,85857
2645,85920
2646,85983
2647,86046
2648,86109
2649,86172
2650,86235
2651,86298
2652,86361
2653,86424
2654,86487
2655,86550
2656,86613
2657,86676
2658,86739
2659,86802
2660,86865
2661,86928
2662,86991
2663,87054
2664,87117
2665,87180
2666,87243
2667,87306
2668,87369
2669,87432
2670,87495
2671,87558
2672,87621
2673,87684
2674,87747
2675,87810
2676,87873
2677,87936
2678,87999
2679,88062
2680,88125
2681,88188
2682,88251
2683,88314
2684,88377
2685,88440
2686,88503
2687,88566
2688,88629
2689,88692
2690,88755
2691,88818
2692,88881
2693,88944
2694,89007
2695,89070
2696,89133
2697,89196
2698,89259
2699,89322
2700,89385
2701,89448
2702,89511
2703,89574
2704,89637
2705,89700
2706,89763
2707,89826
2708,89889
2709,89952
2710,90015
2711,90078
2712,90141
2713,90204
2714,90267
2715,90330
2716,90393
2717,90456
2718,90519
2719,90582
2720,90645
2721,90708
2722,90771
2723,90834
2724,90897
2725,90960
2726,91023
2727,91086
2728,91149
2729,91212
2730,91278
2731,91343
2732,91408
2733,91473
2734,91539
2735,91604
2736,91669
2737,91734
2738,91800
2739,91865
2740,91930
2741,91995
2742,92061
2743,92126
2744,92191
2745,92256
2746,92322
2747,92387
2748,92452
2749,92517
2750,92583
2751,92648
2752,92713
2753,92778
2754,92844
2755,92909
2756,92974
2757,93039
2758,93105
2759,93170
2760,93235
2761,93300
2762,93366
2763,93431
2764,93496
2765,93561
2766,93627
2767,93692
2768,93757
2769,93822
2770,93888
2771,93953
2772,94018
2773,94083
2774,94149
2775,94214
2776,94279
2777,94344
2778,94410
2779,94475
2780,94540
2781,94605
2782,94671
2783,94736
2784,94801
2785,94866
2786,94932
2787,94997
2788,95062
2789,95127
2790,95193
2791,95258
2792,95323
2793,95388
2794,95454
2795,95519
2796,95584
2797,95649
2798,95715
2799,95780
2800,95845
2801,95910
2802,95976
2803,96041
2804,96106
2805,96171
2806,96237
2807,96302
2808,96367
2809,96432
2810,96498
2811,96563
2812,96628
2813,96693
2814,96759
2815,96824
2816,96889
2817,96954
2818,97020
2819,97085
2820,97150
2821,97215
2822,97281
2823,97346
2824,97411
2825,97476
2826,97542
2827,97607
2828,97672
2829,97737
2830,97805
2831,97872
2832,97940
2833,98007
2834,98075
2835,98142
2836,98210
2837,98277
2838,98345
2839,98412
2840,98480
2841,98547
2842,98615
2843,98682
2844,98750
2845,98817
2846,98885
2847,98952
2848,99020
2849,99087
2850,99155
2851,99222
2852,99290
2853,99357
2854,99425
2855,99492
2856,99560
2857,99627
2858,99695
2859,99762
2860,99830
2861,99897
2862,99965
2863,100032
2864,100100
2865,100167
2866,100235
2867,100302
2868,100370
2869,100437
2870,100505
2871,100572
2872,100640
2873,100707
2874,100775
2875,100842
2876,100910
2877,100977
2878,101045
2879,101112
2880,101180
2881,101247
2882,101315
2883,101382
2884,101450
2885,101517
2886,101585
2887,101652
2888,101720
2889,101787
2890,101855
2891,101922
2892,101990
2893,102057
2894,102125
2895,102192
2896,102260
2897,102327
2898,102395
2899,102462
2900,102530
2901,102597
2902,102665
2903,102732
2904,102800
2905,102867
2906,102935
2907,103002
2908,103070
2909,103137
2910,103205
2911,103272
2912,103340
2913,103407
2914,103475
2915,103542
2916,103610
2917,103677
2918,103745
2919,103812
2920,103880
2921,103947
2922,104015
2923,104082
2924,104150
2925,104217
2926,104285
2927,104352
2928,104420
2929,104487
2930,104557
2931,104627
2932,104697
2933,104766
2934,104836
2935,104906
2936,104976
2937,105045
2938,105115
2939,105185
2940,105255
2941,105324
2942,105394
2943,105464
2944,105534
2945,105603
2946,105673
2947,105743
2948,105813
2949,105882
2950,105952
2951,106022
2952,106092
2953,106161
2954,106231
2955,106301
2956,106371
2957,106440
2958,106510
2959,106580
2960,106650
2961,106719
2962,106789
2963,106859
2964,106929
2965,106998
2966,107068
2967,107138
2968,107208
2969,107277
2970,107347
2971,107417
2972,107487
2973,107556
2974,107626
2975,107696
2976,107766
2977,107835
2978,107905
2979,107975
2980,108045
2981,108114
2982,108184
2983,108254
2984,108324
2985,108393
2986,108463
2987,108533
2988,108603
2989,108672
2990,108742
2991,108812
2992,108882
2993,108951
2994,109021
2995,109091
2996,109161
2997,109230
